month,rv,log_rv,NPI,ANP,SNP,NPI2,log_rv_lag1,log_rv_lag2,log_rv_lag3,log_rv_lag4,log_rv_lag5,log_rv_lag6,log_rv_lag7,log_rv_lag8,log_rv_lag9,log_rv_lag10,log_rv_lag11,log_rv_lag12
2005-01-31,0.002023551717145087,-6.2029010357120065,0.0,0.0,0.0,0.0,-6.194378077230192,-5.6856512695897585,-5.19165578855682,-6.168995114041153,-5.965784686882387,-5.552439425076024,-4.6787507630890435,-4.166731248628003,-5.5687334773839146,-5.676345023254147,-6.305599614847926,-6.647598929657179
2005-02-28,0.0018797023904038228,-6.2766418176482075,0.0,0.0,0.0,0.0,-6.2029010357120065,-6.194378077230192,-5.6856512695897585,-5.19165578855682,-6.168995114041153,-5.965784686882387,-5.552439425076024,-4.6787507630890435,-4.166731248628003,-5.5687334773839146,-5.676345023254147,-6.305599614847926
2005-03-31,0.0028036867755716227,-5.876820022336273,0.06471619296371924,0.0,0.06471619296371924,1.0,-6.2766418176482075,-6.2029010357120065,-6.194378077230192,-5.6856512695897585,-5.19165578855682,-6.168995114041153,-5.965784686882387,-5.552439425076024,-4.6787507630890435,-4.166731248628003,-5.5687334773839146,-5.676345023254147
2005-04-30,0.0023905560803803897,-6.036229270486869,0.0,0.0,0.0,0.0,-5.876820022336273,-6.2766418176482075,-6.2029010357120065,-6.194378077230192,-5.6856512695897585,-5.19165578855682,-6.168995114041153,-5.965784686882387,-5.552439425076024,-4.6787507630890435,-4.166731248628003,-5.5687334773839146
2005-05-31,0.0018142398536473237,-6.31208871240961,0.0,0.0,0.0,0.0,-6.036229270486869,-5.876820022336273,-6.2766418176482075,-6.2029010357120065,-6.194378077230192,-5.6856512695897585,-5.19165578855682,-6.168995114041153,-5.965784686882387,-5.552439425076024,-4.6787507630890435,-4.166731248628003
2005-06-30,0.0012573107482133788,-6.678780165755072,0.023265716723701348,0.0,0.023265716723701348,1.0,-6.31208871240961,-6.036229270486869,-5.876820022336273,-6.2766418176482075,-6.2029010357120065,-6.194378077230192,-5.6856512695897585,-5.19165578855682,-6.168995114041153,-5.965784686882387,-5.552439425076024,-4.6787507630890435
2005-07-31,0.0012100486016087598,-6.717094753561335,0.05660447032430321,0.0,0.05660447032430321,1.0,-6.678780165755072,-6.31208871240961,-6.036229270486869,-5.876820022336273,-6.2766418176482075,-6.2029010357120065,-6.194378077230192,-5.6856512695897585,-5.19165578855682,-6.168995114041153,-5.965784686882387,-5.552439425076024
2005-08-31,0.0031800230621947066,-5.750866829953862,0.10649218444595927,0.0,0.10649218444595927,1.0,-6.717094753561335,-6.678780165755072,-6.31208871240961,-6.036229270486869,-5.876820022336273,-6.2766418176482075,-6.2029010357120065,-6.194378077230192,-5.6856512695897585,-5.19165578855682,-6.168995114041153,-5.965784686882387
2005-09-30,0.0027190367228316485,-5.907477607416518,0.0,0.0,0.0,0.0,-5.750866829953862,-6.717094753561335,-6.678780165755072,-6.31208871240961,-6.036229270486869,-5.876820022336273,-6.2766418176482075,-6.2029010357120065,-6.194378077230192,-5.6856512695897585,-5.19165578855682,-6.168995114041153
2005-10-31,0.004673821632124495,-5.36577820531284,0.0,0.0,0.0,0.0,-5.907477607416518,-5.750866829953862,-6.717094753561335,-6.678780165755072,-6.31208871240961,-6.036229270486869,-5.876820022336273,-6.2766418176482075,-6.2029010357120065,-6.194378077230192,-5.6856512695897585,-5.19165578855682
2005-11-30,0.003188117342522944,-5.748324711164755,0.0,0.0,0.0,0.0,-5.36577820531284,-5.907477607416518,-5.750866829953862,-6.717094753561335,-6.678780165755072,-6.31208871240961,-6.036229270486869,-5.876820022336273,-6.2766418176482075,-6.2029010357120065,-6.194378077230192,-5.6856512695897585
2005-12-31,0.0009062323902365731,-7.006214783447275,0.0,0.0,0.0,0.0,-5.748324711164755,-5.36577820531284,-5.907477607416518,-5.750866829953862,-6.717094753561335,-6.678780165755072,-6.31208871240961,-6.036229270486869,-5.876820022336273,-6.2766418176482075,-6.2029010357120065,-6.194378077230192
2006-01-31,0.004280462565624902,-5.453694199147646,0.0,0.0,0.0,0.0,-7.006214783447275,-5.748324711164755,-5.36577820531284,-5.907477607416518,-5.750866829953862,-6.717094753561335,-6.678780165755072,-6.31208871240961,-6.036229270486869,-5.876820022336273,-6.2766418176482075,-6.2029010357120065
2006-02-28,0.002926513032726099,-5.833943655893829,0.0,0.0,0.0,0.0,-5.453694199147646,-7.006214783447275,-5.748324711164755,-5.36577820531284,-5.907477607416518,-5.750866829953862,-6.717094753561335,-6.678780165755072,-6.31208871240961,-6.036229270486869,-5.876820022336273,-6.2766418176482075
2006-03-31,0.0026448278506488137,-5.935149300610847,0.0,0.0,0.0,0.0,-5.833943655893829,-5.453694199147646,-7.006214783447275,-5.748324711164755,-5.36577820531284,-5.907477607416518,-5.750866829953862,-6.717094753561335,-6.678780165755072,-6.31208871240961,-6.036229270486869,-5.876820022336273
2006-04-30,0.0021725508850645816,-6.131853278744789,0.09357774897893047,0.0,0.09357774897893047,1.0,-5.935149300610847,-5.833943655893829,-5.453694199147646,-7.006214783447275,-5.748324711164755,-5.36577820531284,-5.907477607416518,-5.750866829953862,-6.717094753561335,-6.678780165755072,-6.31208871240961,-6.036229270486869
2006-05-31,0.004369110704974225,-5.4331957905894726,0.0,0.0,0.0,0.0,-6.131853278744789,-5.935149300610847,-5.833943655893829,-5.453694199147646,-7.006214783447275,-5.748324711164755,-5.36577820531284,-5.907477607416518,-5.750866829953862,-6.717094753561335,-6.678780165755072,-6.31208871240961
2006-06-30,0.006645848158209554,-5.0137629564052935,0.0,0.0,0.0,0.0,-5.4331957905894726,-6.131853278744789,-5.935149300610847,-5.833943655893829,-5.453694199147646,-7.006214783447275,-5.748324711164755,-5.36577820531284,-5.907477607416518,-5.750866829953862,-6.717094753561335,-6.678780165755072
2006-07-31,0.0030122899318960547,-5.805054714747451,0.047451186649642485,0.0,0.047451186649642485,1.0,-5.0137629564052935,-5.4331957905894726,-6.131853278744789,-5.935149300610847,-5.833943655893829,-5.453694199147646,-7.006214783447275,-5.748324711164755,-5.36577820531284,-5.907477607416518,-5.750866829953862,-6.717094753561335
2006-08-31,0.0017104549876582476,-6.370995869205205,0.0,0.0,0.0,0.0,-5.805054714747451,-5.0137629564052935,-5.4331957905894726,-6.131853278744789,-5.935149300610847,-5.833943655893829,-5.453694199147646,-7.006214783447275,-5.748324711164755,-5.36577820531284,-5.907477607416518,-5.750866829953862
2006-09-30,0.0013029705870203508,-6.643108554370993,0.0,0.0,0.0,0.0,-6.370995869205205,-5.805054714747451,-5.0137629564052935,-5.4331957905894726,-6.131853278744789,-5.935149300610847,-5.833943655893829,-5.453694199147646,-7.006214783447275,-5.748324711164755,-5.36577820531284,-5.907477607416518
2006-10-31,0.0013666259637675079,-6.5954103769926355,0.0,0.0,0.0,0.0,-6.643108554370993,-6.370995869205205,-5.805054714747451,-5.0137629564052935,-5.4331957905894726,-6.131853278744789,-5.935149300610847,-5.833943655893829,-5.453694199147646,-7.006214783447275,-5.748324711164755,-5.36577820531284
2006-11-30,0.0008587881916356063,-7.059988241896276,0.0,0.0,0.0,0.0,-6.5954103769926355,-6.643108554370993,-6.370995869205205,-5.805054714747451,-5.0137629564052935,-5.4331957905894726,-6.131853278744789,-5.935149300610847,-5.833943655893829,-5.453694199147646,-7.006214783447275,-5.748324711164755
2006-12-31,0.0013182099897590435,-6.631480531041004,0.0,0.0,0.0,0.0,-7.059988241896276,-6.5954103769926355,-6.643108554370993,-6.370995869205205,-5.805054714747451,-5.0137629564052935,-5.4331957905894726,-6.131853278744789,-5.935149300610847,-5.833943655893829,-5.453694199147646,-7.006214783447275
2007-01-31,0.0018586157709547732,-6.287923277482237,0.0,0.0,0.0,0.0,-6.631480531041004,-7.059988241896276,-6.5954103769926355,-6.643108554370993,-6.370995869205205,-5.805054714747451,-5.0137629564052935,-5.4331957905894726,-6.131853278744789,-5.935149300610847,-5.833943655893829,-5.453694199147646
2007-02-28,0.002009472870887498,-6.209882844595362,0.0,0.0,0.0,0.0,-6.287923277482237,-6.631480531041004,-7.059988241896276,-6.5954103769926355,-6.643108554370993,-6.370995869205205,-5.805054714747451,-5.0137629564052935,-5.4331957905894726,-6.131853278744789,-5.935149300610847,-5.833943655893829
2007-03-31,0.0023013942485556388,-6.074240144684826,0.0,0.0,0.0,0.0,-6.209882844595362,-6.287923277482237,-6.631480531041004,-7.059988241896276,-6.5954103769926355,-6.643108554370993,-6.370995869205205,-5.805054714747451,-5.0137629564052935,-5.4331957905894726,-6.131853278744789,-5.935149300610847
2007-04-30,0.001171267709153744,-6.749668604650818,0.0,0.0,0.0,0.0,-6.074240144684826,-6.209882844595362,-6.287923277482237,-6.631480531041004,-7.059988241896276,-6.5954103769926355,-6.643108554370993,-6.370995869205205,-5.805054714747451,-5.0137629564052935,-5.4331957905894726,-6.131853278744789
2007-05-31,0.001294120002431598,-6.649924349620913,0.0,0.0,0.0,0.0,-6.749668604650818,-6.074240144684826,-6.209882844595362,-6.287923277482237,-6.631480531041004,-7.059988241896276,-6.5954103769926355,-6.643108554370993,-6.370995869205205,-5.805054714747451,-5.0137629564052935,-5.4331957905894726
2007-06-30,0.0024135454536255083,-6.026658469966483,0.0,0.0,0.0,0.0,-6.649924349620913,-6.749668604650818,-6.074240144684826,-6.209882844595362,-6.287923277482237,-6.631480531041004,-7.059988241896276,-6.5954103769926355,-6.643108554370993,-6.370995869205205,-5.805054714747451,-5.0137629564052935
2007-07-31,0.005330254752339061,-5.234356246010539,0.043242083983519634,0.0,0.043242083983519634,1.0,-6.026658469966483,-6.649924349620913,-6.749668604650818,-6.074240144684826,-6.209882844595362,-6.287923277482237,-6.631480531041004,-7.059988241896276,-6.5954103769926355,-6.643108554370993,-6.370995869205205,-5.805054714747451
2007-08-31,0.015354494281951675,-4.17634706070488,0.0,0.0,0.0,0.0,-5.234356246010539,-6.026658469966483,-6.649924349620913,-6.749668604650818,-6.074240144684826,-6.209882844595362,-6.287923277482237,-6.631480531041004,-7.059988241896276,-6.5954103769926355,-6.643108554370993,-6.370995869205205
2007-09-30,0.003499231767415265,-5.655211829603537,0.003155783435704401,0.0,0.003155783435704401,1.0,-4.17634706070488,-5.234356246010539,-6.026658469966483,-6.649924349620913,-6.749668604650818,-6.074240144684826,-6.209882844595362,-6.287923277482237,-6.631480531041004,-7.059988241896276,-6.5954103769926355,-6.643108554370993
2007-10-31,0.005386939623639309,-5.223777843135799,0.06480531543521106,0.0,0.06480531543521106,1.0,-5.655211829603537,-4.17634706070488,-5.234356246010539,-6.026658469966483,-6.649924349620913,-6.749668604650818,-6.074240144684826,-6.209882844595362,-6.287923277482237,-6.631480531041004,-7.059988241896276,-6.5954103769926355
2007-11-30,0.008707036800696157,-4.7436237525801985,0.11542455765286783,0.0,0.11542455765286783,1.0,-5.223777843135799,-5.655211829603537,-4.17634706070488,-5.234356246010539,-6.026658469966483,-6.649924349620913,-6.749668604650818,-6.074240144684826,-6.209882844595362,-6.287923277482237,-6.631480531041004,-7.059988241896276
2007-12-31,0.0027777031642681046,-5.886130892674397,0.0,0.0,0.0,0.0,-4.7436237525801985,-5.223777843135799,-5.655211829603537,-4.17634706070488,-5.234356246010539,-6.026658469966483,-6.649924349620913,-6.749668604650818,-6.074240144684826,-6.209882844595362,-6.287923277482237,-6.631480531041004
2008-01-31,0.009457579223580096,-4.660938824692799,0.0,0.0,0.0,0.0,-5.886130892674397,-4.7436237525801985,-5.223777843135799,-5.655211829603537,-4.17634706070488,-5.234356246010539,-6.026658469966483,-6.649924349620913,-6.749668604650818,-6.074240144684826,-6.209882844595362,-6.287923277482237
2008-02-29,0.005184627796994996,-5.262057224449125,0.02745320224484715,0.0,0.02745320224484715,1.0,-4.660938824692799,-5.886130892674397,-4.7436237525801985,-5.223777843135799,-5.655211829603537,-4.17634706070488,-5.234356246010539,-6.026658469966483,-6.649924349620913,-6.749668604650818,-6.074240144684826,-6.209882844595362
2008-03-31,0.004044413709276082,-5.510418681059352,0.08714515898264147,0.0,0.08714515898264147,1.0,-5.262057224449125,-4.660938824692799,-5.886130892674397,-4.7436237525801985,-5.223777843135799,-5.655211829603537,-4.17634706070488,-5.234356246010539,-6.026658469966483,-6.649924349620913,-6.749668604650818,-6.074240144684826
2008-04-30,0.0020667948942984355,-6.181756231895676,0.051122445036675034,0.0,0.051122445036675034,1.0,-5.510418681059352,-5.262057224449125,-4.660938824692799,-5.886130892674397,-4.7436237525801985,-5.223777843135799,-5.655211829603537,-4.17634706070488,-5.234356246010539,-6.026658469966483,-6.649924349620913,-6.749668604650818
2008-05-31,0.002238339374217874,-6.102021038847173,0.11853136854793513,0.0,0.11853136854793513,1.0,-6.181756231895676,-5.510418681059352,-5.262057224449125,-4.660938824692799,-5.886130892674397,-4.7436237525801985,-5.223777843135799,-5.655211829603537,-4.17634706070488,-5.234356246010539,-6.026658469966483,-6.649924349620913
2008-06-30,0.002635885399306226,-5.938536138512207,0.07470747620323816,0.0,0.07470747620323816,1.0,-6.102021038847173,-6.181756231895676,-5.510418681059352,-5.262057224449125,-4.660938824692799,-5.886130892674397,-4.7436237525801985,-5.223777843135799,-5.655211829603537,-4.17634706070488,-5.234356246010539,-6.026658469966483
2008-07-31,0.0068094786902053485,-4.989439712381504,0.002986721397600459,0.0,0.002986721397600459,1.0,-5.938536138512207,-6.102021038847173,-6.181756231895676,-5.510418681059352,-5.262057224449125,-4.660938824692799,-5.886130892674397,-4.7436237525801985,-5.223777843135799,-5.655211829603537,-4.17634706070488,-5.234356246010539
2008-08-31,0.0026414021684073963,-5.936445378423811,0.0,0.0,0.0,0.0,-4.989439712381504,-5.938536138512207,-6.102021038847173,-6.181756231895676,-5.510418681059352,-5.262057224449125,-4.660938824692799,-5.886130892674397,-4.7436237525801985,-5.223777843135799,-5.655211829603537,-4.17634706070488
2008-09-30,0.013793842311647079,-4.2835329957009085,0.0,0.0,0.0,0.0,-5.936445378423811,-4.989439712381504,-5.938536138512207,-6.102021038847173,-6.181756231895676,-5.510418681059352,-5.262057224449125,-4.660938824692799,-5.886130892674397,-4.7436237525801985,-5.223777843135799,-5.655211829603537
2008-10-31,0.0627862389344227,-2.768019354767475,0.0,0.0,0.0,0.0,-4.2835329957009085,-5.936445378423811,-4.989439712381504,-5.938536138512207,-6.102021038847173,-6.181756231895676,-5.510418681059352,-5.262057224449125,-4.660938824692799,-5.886130892674397,-4.7436237525801985,-5.223777843135799
2008-11-30,0.025245174437958533,-3.6791202528928517,0.0,-0.023156598359980927,-0.023156598359980927,0.0,-2.768019354767475,-4.2835329957009085,-5.936445378423811,-4.989439712381504,-5.938536138512207,-6.102021038847173,-6.181756231895676,-5.510418681059352,-5.262057224449125,-4.660938824692799,-5.886130892674397,-4.7436237525801985
2008-12-31,0.014325389903081654,-4.245721798386535,0.0,-0.2723614826512214,-0.2723614826512214,0.0,-3.6791202528928517,-2.768019354767475,-4.2835329957009085,-5.936445378423811,-4.989439712381504,-5.938536138512207,-6.102021038847173,-6.181756231895676,-5.510418681059352,-5.262057224449125,-4.660938824692799,-5.886130892674397
2009-01-31,0.012860143777345227,-4.353622380037243,0.0,0.0,0.0,0.0,-4.245721798386535,-3.6791202528928517,-2.768019354767475,-4.2835329957009085,-5.936445378423811,-4.989439712381504,-5.938536138512207,-6.102021038847173,-6.181756231895676,-5.510418681059352,-5.262057224449125,-4.660938824692799
2009-02-28,0.008198619596771418,-4.803789480740154,0.0,0.0,0.0,0.0,-4.353622380037243,-4.245721798386535,-3.6791202528928517,-2.768019354767475,-4.2835329957009085,-5.936445378423811,-4.989439712381504,-5.938536138512207,-6.102021038847173,-6.181756231895676,-5.510418681059352,-5.262057224449125
2009-03-31,0.008046912667713672,-4.822466780652767,0.0,0.0,0.0,0.0,-4.803789480740154,-4.353622380037243,-4.245721798386535,-3.6791202528928517,-2.768019354767475,-4.2835329957009085,-5.936445378423811,-4.989439712381504,-5.938536138512207,-6.102021038847173,-6.181756231895676,-5.510418681059352
2009-04-30,0.007642340188031415,-4.874051415372267,0.0,0.0,0.0,0.0,-4.822466780652767,-4.803789480740154,-4.353622380037243,-4.245721798386535,-3.6791202528928517,-2.768019354767475,-4.2835329957009085,-5.936445378423811,-4.989439712381504,-5.938536138512207,-6.102021038847173,-6.181756231895676
2009-05-31,0.0034455490849244247,-5.670672001172296,0.0,0.0,0.0,0.0,-4.874051415372267,-4.822466780652767,-4.803789480740154,-4.353622380037243,-4.245721798386535,-3.6791202528928517,-2.768019354767475,-4.2835329957009085,-5.936445378423811,-4.989439712381504,-5.938536138512207,-6.102021038847173
2009-06-30,0.004093412141612719,-5.4983763922796,0.0,0.0,0.0,0.0,-5.670672001172296,-4.874051415372267,-4.822466780652767,-4.803789480740154,-4.353622380037243,-4.245721798386535,-3.6791202528928517,-2.768019354767475,-4.2835329957009085,-5.936445378423811,-4.989439712381504,-5.938536138512207
2009-07-31,0.0036213763600367052,-5.620901115451056,0.0,0.0,0.0,0.0,-5.4983763922796,-5.670672001172296,-4.874051415372267,-4.822466780652767,-4.803789480740154,-4.353622380037243,-4.245721798386535,-3.6791202528928517,-2.768019354767475,-4.2835329957009085,-5.936445378423811,-4.989439712381504
2009-08-31,0.002380543832773792,-6.04042631623571,0.0,0.0,0.0,0.0,-5.620901115451056,-5.4983763922796,-5.670672001172296,-4.874051415372267,-4.822466780652767,-4.803789480740154,-4.353622380037243,-4.245721798386535,-3.6791202528928517,-2.768019354767475,-4.2835329957009085,-5.936445378423811
2009-09-30,0.002254745875974491,-6.094718005959051,0.0,0.0,0.0,0.0,-6.04042631623571,-5.620901115451056,-5.4983763922796,-5.670672001172296,-4.874051415372267,-4.822466780652767,-4.803789480740154,-4.353622380037243,-4.245721798386535,-3.6791202528928517,-2.768019354767475,-4.2835329957009085
2009-10-31,0.003000310782391297,-5.8090394015490965,0.0,0.0,0.0,0.0,-6.094718005959051,-6.04042631623571,-5.620901115451056,-5.4983763922796,-5.670672001172296,-4.874051415372267,-4.822466780652767,-4.803789480740154,-4.353622380037243,-4.245721798386535,-3.6791202528928517,-2.768019354767475
2009-11-30,0.0046141107689648495,-5.378636112374215,0.0,0.0,0.0,0.0,-5.8090394015490965,-6.094718005959051,-6.04042631623571,-5.620901115451056,-5.4983763922796,-5.670672001172296,-4.874051415372267,-4.822466780652767,-4.803789480740154,-4.353622380037243,-4.245721798386535,-3.6791202528928517
2009-12-31,0.001148436239213362,-6.769354053951441,0.0,0.0,0.0,0.0,-5.378636112374215,-5.8090394015490965,-6.094718005959051,-6.04042631623571,-5.620901115451056,-5.4983763922796,-5.670672001172296,-4.874051415372267,-4.822466780652767,-4.803789480740154,-4.353622380037243,-4.245721798386535
2010-01-31,0.0025791201808006876,-5.960306953401046,0.0,0.0,0.0,0.0,-6.769354053951441,-5.378636112374215,-5.8090394015490965,-6.094718005959051,-6.04042631623571,-5.620901115451056,-5.4983763922796,-5.670672001172296,-4.874051415372267,-4.822466780652767,-4.803789480740154,-4.353622380037243
2010-02-28,0.0030650468589847775,-5.7876924212981775,0.0,0.0,0.0,0.0,-5.960306953401046,-6.769354053951441,-5.378636112374215,-5.8090394015490965,-6.094718005959051,-6.04042631623571,-5.620901115451056,-5.4983763922796,-5.670672001172296,-4.874051415372267,-4.822466780652767,-4.803789480740154
2010-03-31,0.0013206119491043639,-6.629660052005783,0.0,0.0,0.0,0.0,-5.7876924212981775,-5.960306953401046,-6.769354053951441,-5.378636112374215,-5.8090394015490965,-6.094718005959051,-6.04042631623571,-5.620901115451056,-5.4983763922796,-5.670672001172296,-4.874051415372267,-4.822466780652767
2010-04-30,0.0015033188499444068,-6.50008004836539,0.0,0.0,0.0,0.0,-6.629660052005783,-5.7876924212981775,-5.960306953401046,-6.769354053951441,-5.378636112374215,-5.8090394015490965,-6.094718005959051,-6.04042631623571,-5.620901115451056,-5.4983763922796,-5.670672001172296,-4.874051415372267
2010-05-31,0.004326582798441211,-5.442977240589631,0.0,0.0,0.0,0.0,-6.50008004836539,-6.629660052005783,-5.7876924212981775,-5.960306953401046,-6.769354053951441,-5.378636112374215,-5.8090394015490965,-6.094718005959051,-6.04042631623571,-5.620901115451056,-5.4983763922796,-5.670672001172296
2010-06-30,0.0017386977120864774,-6.354618887307351,0.0,0.0,0.0,0.0,-5.442977240589631,-6.50008004836539,-6.629660052005783,-5.7876924212981775,-5.960306953401046,-6.769354053951441,-5.378636112374215,-5.8090394015490965,-6.094718005959051,-6.04042631623571,-5.620901115451056,-5.4983763922796
2010-07-31,0.0012489686887288832,-6.685437117225082,0.0,0.0,0.0,0.0,-6.354618887307351,-5.442977240589631,-6.50008004836539,-6.629660052005783,-5.7876924212981775,-5.960306953401046,-6.769354053951441,-5.378636112374215,-5.8090394015490965,-6.094718005959051,-6.04042631623571,-5.620901115451056
2010-08-31,0.0018786046624466575,-6.2772259785339175,0.0,0.0,0.0,0.0,-6.685437117225082,-6.354618887307351,-5.442977240589631,-6.50008004836539,-6.629660052005783,-5.7876924212981775,-5.960306953401046,-6.769354053951441,-5.378636112374215,-5.8090394015490965,-6.094718005959051,-6.04042631623571
2010-09-30,0.0007892900260800267,-7.144376717741734,0.0,0.0,0.0,0.0,-6.2772259785339175,-6.685437117225082,-6.354618887307351,-5.442977240589631,-6.50008004836539,-6.629660052005783,-5.7876924212981775,-5.960306953401046,-6.769354053951441,-5.378636112374215,-5.8090394015490965,-6.094718005959051
2010-10-31,0.001306487644985228,-6.640412929622964,0.0,0.0,0.0,0.0,-7.144376717741734,-6.2772259785339175,-6.685437117225082,-6.354618887307351,-5.442977240589631,-6.50008004836539,-6.629660052005783,-5.7876924212981775,-5.960306953401046,-6.769354053951441,-5.378636112374215,-5.8090394015490965
2010-11-30,0.0019032383121661972,-6.264198468783963,0.0,0.0,0.0,0.0,-6.640412929622964,-7.144376717741734,-6.2772259785339175,-6.685437117225082,-6.354618887307351,-5.442977240589631,-6.50008004836539,-6.629660052005783,-5.7876924212981775,-5.960306953401046,-6.769354053951441,-5.378636112374215
2010-12-31,0.0009642726213976234,-6.9441365010550635,0.0,0.0,0.0,0.0,-6.264198468783963,-6.640412929622964,-7.144376717741734,-6.2772259785339175,-6.685437117225082,-6.354618887307351,-5.442977240589631,-6.50008004836539,-6.629660052005783,-5.7876924212981775,-5.960306953401046,-6.769354053951441
2011-01-31,0.0012250524163156527,-6.704771647071758,0.0,0.0,0.0,0.0,-6.9441365010550635,-6.264198468783963,-6.640412929622964,-7.144376717741734,-6.2772259785339175,-6.685437117225082,-6.354618887307351,-5.442977240589631,-6.50008004836539,-6.629660052005783,-5.7876924212981775,-5.960306953401046
2011-02-28,0.0021924332745756406,-6.12274326766992,0.0,0.0,0.0,0.0,-6.704771647071758,-6.9441365010550635,-6.264198468783963,-6.640412929622964,-7.144376717741734,-6.2772259785339175,-6.685437117225082,-6.354618887307351,-5.442977240589631,-6.50008004836539,-6.629660052005783,-5.7876924212981775
2011-03-31,0.0029525448201642886,-5.825087829596703,0.0,0.0,0.0,0.0,-6.12274326766992,-6.704771647071758,-6.9441365010550635,-6.264198468783963,-6.640412929622964,-7.144376717741734,-6.2772259785339175,-6.685437117225082,-6.354618887307351,-5.442977240589631,-6.50008004836539,-6.629660052005783
2011-04-30,0.0015337414753424214,-6.48004512000355,0.0,0.0,0.0,0.0,-5.825087829596703,-6.12274326766992,-6.704771647071758,-6.9441365010550635,-6.264198468783963,-6.640412929622964,-7.144376717741734,-6.2772259785339175,-6.685437117225082,-6.354618887307351,-5.442977240589631,-6.50008004836539
2011-05-31,0.0042572416566338984,-5.459133826861255,0.0,0.0,0.0,0.0,-6.48004512000355,-5.825087829596703,-6.12274326766992,-6.704771647071758,-6.9441365010550635,-6.264198468783963,-6.640412929622964,-7.144376717741734,-6.2772259785339175,-6.685437117225082,-6.354618887307351,-5.442977240589631
2011-06-30,0.002017418618531125,-6.205936496412632,0.0,0.0,0.0,0.0,-5.459133826861255,-6.48004512000355,-5.825087829596703,-6.12274326766992,-6.704771647071758,-6.9441365010550635,-6.264198468783963,-6.640412929622964,-7.144376717741734,-6.2772259785339175,-6.685437117225082,-6.354618887307351
2011-07-31,0.0017709131775478983,-6.33625994591853,0.0,0.0,0.0,0.0,-6.205936496412632,-5.459133826861255,-6.48004512000355,-5.825087829596703,-6.12274326766992,-6.704771647071758,-6.9441365010550635,-6.264198468783963,-6.640412929622964,-7.144376717741734,-6.2772259785339175,-6.685437117225082
2011-08-31,0.016658730100743206,-4.094820869593857,0.0,0.0,0.0,0.0,-6.33625994591853,-6.205936496412632,-5.459133826861255,-6.48004512000355,-5.825087829596703,-6.12274326766992,-6.704771647071758,-6.9441365010550635,-6.264198468783963,-6.640412929622964,-7.144376717741734,-6.2772259785339175
2011-09-30,0.015242827305664232,-4.183646227185739,0.0,0.0,0.0,0.0,-4.094820869593857,-6.33625994591853,-6.205936496412632,-5.459133826861255,-6.48004512000355,-5.825087829596703,-6.12274326766992,-6.704771647071758,-6.9441365010550635,-6.264198468783963,-6.640412929622964,-7.144376717741734
2011-10-31,0.006864768283081052,-4.981352993706799,0.0,0.0,0.0,0.0,-4.183646227185739,-4.094820869593857,-6.33625994591853,-6.205936496412632,-5.459133826861255,-6.48004512000355,-5.825087829596703,-6.12274326766992,-6.704771647071758,-6.9441365010550635,-6.264198468783963,-6.640412929622964
2011-11-30,0.007766290556705852,-4.857962634426389,0.0,0.0,0.0,0.0,-4.981352993706799,-4.183646227185739,-4.094820869593857,-6.33625994591853,-6.205936496412632,-5.459133826861255,-6.48004512000355,-5.825087829596703,-6.12274326766992,-6.704771647071758,-6.9441365010550635,-6.264198468783963
2011-12-31,0.005571612778480856,-5.190070719650111,0.0,0.0,0.0,0.0,-4.857962634426389,-4.981352993706799,-4.183646227185739,-4.094820869593857,-6.33625994591853,-6.205936496412632,-5.459133826861255,-6.48004512000355,-5.825087829596703,-6.12274326766992,-6.704771647071758,-6.9441365010550635
2012-01-31,0.0024043886165467316,-6.030459621236223,0.0,0.0,0.0,0.0,-5.190070719650111,-4.857962634426389,-4.981352993706799,-4.183646227185739,-4.094820869593857,-6.33625994591853,-6.205936496412632,-5.459133826861255,-6.48004512000355,-5.825087829596703,-6.12274326766992,-6.704771647071758
2012-02-29,0.0015723431230791351,-6.45518833711408,0.0,0.0,0.0,0.0,-6.030459621236223,-5.190070719650111,-4.857962634426389,-4.981352993706799,-4.183646227185739,-4.094820869593857,-6.33625994591853,-6.205936496412632,-5.459133826861255,-6.48004512000355,-5.825087829596703,-6.12274326766992
2012-03-31,0.0010059409110393844,-6.901831945571015,0.017584107834575004,0.0,0.017584107834575004,1.0,-6.45518833711408,-6.030459621236223,-5.190070719650111,-4.857962634426389,-4.981352993706799,-4.183646227185739,-4.094820869593857,-6.33625994591853,-6.205936496412632,-5.459133826861255,-6.48004512000355,-5.825087829596703
2012-04-30,0.0012068661594747921,-6.719728229945731,0.0,0.0,0.0,0.0,-6.901831945571015,-6.45518833711408,-6.030459621236223,-5.190070719650111,-4.857962634426389,-4.981352993706799,-4.183646227185739,-4.094820869593857,-6.33625994591853,-6.205936496412632,-5.459133826861255,-6.48004512000355
2012-05-31,0.003640073736242203,-5.615751340329266,0.0,0.0,0.0,0.0,-6.719728229945731,-6.901831945571015,-6.45518833711408,-6.030459621236223,-5.190070719650111,-4.857962634426389,-4.981352993706799,-4.183646227185739,-4.094820869593857,-6.33625994591853,-6.205936496412632,-5.459133826861255
2012-06-30,0.0034994608101683857,-5.655146376591946,0.0,0.0,0.0,0.0,-5.615751340329266,-6.719728229945731,-6.901831945571015,-6.45518833711408,-6.030459621236223,-5.190070719650111,-4.857962634426389,-4.981352993706799,-4.183646227185739,-4.094820869593857,-6.33625994591853,-6.205936496412632
2012-07-31,0.0033091142062745293,-5.711074736804909,0.0,0.0,0.0,0.0,-5.655146376591946,-5.615751340329266,-6.719728229945731,-6.901831945571015,-6.45518833711408,-6.030459621236223,-5.190070719650111,-4.857962634426389,-4.981352993706799,-4.183646227185739,-4.094820869593857,-6.33625994591853
2012-08-31,0.0016096876019720686,-6.431715154855387,0.0,0.0,0.0,0.0,-5.711074736804909,-5.655146376591946,-5.615751340329266,-6.719728229945731,-6.901831945571015,-6.45518833711408,-6.030459621236223,-5.190070719650111,-4.857962634426389,-4.981352993706799,-4.183646227185739,-4.094820869593857
2012-09-30,0.002291739364456054,-6.078444201929033,0.0,0.0,0.0,0.0,-6.431715154855387,-5.711074736804909,-5.655146376591946,-5.615751340329266,-6.719728229945731,-6.901831945571015,-6.45518833711408,-6.030459621236223,-5.190070719650111,-4.857962634426389,-4.981352993706799,-4.183646227185739
2012-10-31,0.0010523428709075938,-6.856736294851991,0.0,0.0,0.0,0.0,-6.078444201929033,-6.431715154855387,-5.711074736804909,-5.655146376591946,-5.615751340329266,-6.719728229945731,-6.901831945571015,-6.45518833711408,-6.030459621236223,-5.190070719650111,-4.857962634426389,-4.981352993706799
2012-11-30,0.0012175408599273418,-6.7109221430554005,0.0,0.0,0.0,0.0,-6.856736294851991,-6.078444201929033,-6.431715154855387,-5.711074736804909,-5.655146376591946,-5.615751340329266,-6.719728229945731,-6.901831945571015,-6.45518833711408,-6.030459621236223,-5.190070719650111,-4.857962634426389
2012-12-31,0.0005170163969224186,-7.5674359684415204,0.0,0.0,0.0,0.0,-6.7109221430554005,-6.856736294851991,-6.078444201929033,-6.431715154855387,-5.711074736804909,-5.655146376591946,-5.615751340329266,-6.719728229945731,-6.901831945571015,-6.45518833711408,-6.030459621236223,-5.190070719650111
2013-01-31,0.0010313812368585183,-6.87685636842823,0.0,0.0,0.0,0.0,-7.5674359684415204,-6.7109221430554005,-6.856736294851991,-6.078444201929033,-6.431715154855387,-5.711074736804909,-5.655146376591946,-5.615751340329266,-6.719728229945731,-6.901831945571015,-6.45518833711408,-6.030459621236223
2013-02-28,0.0009981988826328824,-6.909558020311397,0.0,0.0,0.0,0.0,-6.87685636842823,-7.5674359684415204,-6.7109221430554005,-6.856736294851991,-6.078444201929033,-6.431715154855387,-5.711074736804909,-5.655146376591946,-5.615751340329266,-6.719728229945731,-6.901831945571015,-6.45518833711408
2013-03-31,0.0007290733792136995,-7.223736173663616,0.0,0.0,0.0,0.0,-6.909558020311397,-6.87685636842823,-7.5674359684415204,-6.7109221430554005,-6.856736294851991,-6.078444201929033,-6.431715154855387,-5.711074736804909,-5.655146376591946,-5.615751340329266,-6.719728229945731,-6.901831945571015
2013-04-30,0.0013712502774129583,-6.5920323440682305,0.0,0.0,0.0,0.0,-7.223736173663616,-6.909558020311397,-6.87685636842823,-7.5674359684415204,-6.7109221430554005,-6.856736294851991,-6.078444201929033,-6.431715154855387,-5.711074736804909,-5.655146376591946,-5.615751340329266,-6.719728229945731
2013-05-31,0.0009555388596208295,-6.95323512570137,0.0,0.0,0.0,0.0,-6.5920323440682305,-7.223736173663616,-6.909558020311397,-6.87685636842823,-7.5674359684415204,-6.7109221430554005,-6.856736294851991,-6.078444201929033,-6.431715154855387,-5.711074736804909,-5.655146376591946,-5.615751340329266
2013-06-30,0.003007209082991985,-5.8067428453038685,0.0,0.0,0.0,0.0,-6.95323512570137,-6.5920323440682305,-7.223736173663616,-6.909558020311397,-6.87685636842823,-7.5674359684415204,-6.7109221430554005,-6.856736294851991,-6.078444201929033,-6.431715154855387,-5.711074736804909,-5.655146376591946
2013-07-31,0.0018780021732091715,-6.277546741003353,0.0,0.0,0.0,0.0,-5.8067428453038685,-6.95323512570137,-6.5920323440682305,-7.223736173663616,-6.909558020311397,-6.87685636842823,-7.5674359684415204,-6.7109221430554005,-6.856736294851991,-6.078444201929033,-6.431715154855387,-5.711074736804909
2013-08-31,0.0014744316562952566,-6.519482681210246,0.0,0.0,0.0,0.0,-6.277546741003353,-5.8067428453038685,-6.95323512570137,-6.5920323440682305,-7.223736173663616,-6.909558020311397,-6.87685636842823,-7.5674359684415204,-6.7109221430554005,-6.856736294851991,-6.078444201929033,-6.431715154855387
2013-09-30,0.0005698197432161062,-7.470190487121826,0.0,0.0,0.0,0.0,-6.519482681210246,-6.277546741003353,-5.8067428453038685,-6.95323512570137,-6.5920323440682305,-7.223736173663616,-6.909558020311397,-6.87685636842823,-7.5674359684415204,-6.7109221430554005,-6.856736294851991,-6.078444201929033
2013-10-31,0.0007565002543084415,-7.186807688571424,0.0,0.0,0.0,0.0,-7.470190487121826,-6.519482681210246,-6.277546741003353,-5.8067428453038685,-6.95323512570137,-6.5920323440682305,-7.223736173663616,-6.909558020311397,-6.87685636842823,-7.5674359684415204,-6.7109221430554005,-6.856736294851991
2013-11-30,0.001398717704486644,-6.5721993874435505,0.0,0.0,0.0,0.0,-7.186807688571424,-7.470190487121826,-6.519482681210246,-6.277546741003353,-5.8067428453038685,-6.95323512570137,-6.5920323440682305,-7.223736173663616,-6.909558020311397,-6.87685636842823,-7.5674359684415204,-6.7109221430554005
2013-12-31,0.0006172707306974986,-7.390202844725814,0.0,0.0,0.0,0.0,-6.5721993874435505,-7.186807688571424,-7.470190487121826,-6.519482681210246,-6.277546741003353,-5.8067428453038685,-6.95323512570137,-6.5920323440682305,-7.223736173663616,-6.909558020311397,-6.87685636842823,-7.5674359684415204
2014-01-31,0.0014073311776820895,-6.566060149952845,0.0,0.0,0.0,0.0,-7.390202844725814,-6.5721993874435505,-7.186807688571424,-7.470190487121826,-6.519482681210246,-6.277546741003353,-5.8067428453038685,-6.95323512570137,-6.5920323440682305,-7.223736173663616,-6.909558020311397,-6.87685636842823
2014-02-28,0.0010177481125717284,-6.890162825093612,0.0,0.0,0.0,0.0,-6.566060149952845,-7.390202844725814,-6.5721993874435505,-7.186807688571424,-7.470190487121826,-6.519482681210246,-6.277546741003353,-5.8067428453038685,-6.95323512570137,-6.5920323440682305,-7.223736173663616,-6.909558020311397
2014-03-31,0.0010594020522370286,-6.850050631686544,0.0,0.0,0.0,0.0,-6.890162825093612,-6.566060149952845,-7.390202844725814,-6.5721993874435505,-7.186807688571424,-7.470190487121826,-6.519482681210246,-6.277546741003353,-5.8067428453038685,-6.95323512570137,-6.5920323440682305,-7.223736173663616
2014-04-30,0.0003451328329317959,-7.971581192044533,0.0,0.0,0.0,0.0,-6.850050631686544,-6.890162825093612,-6.566060149952845,-7.390202844725814,-6.5721993874435505,-7.186807688571424,-7.470190487121826,-6.519482681210246,-6.277546741003353,-5.8067428453038685,-6.95323512570137,-6.5920323440682305
2014-05-31,0.0006868864944105249,-7.283341498590774,0.0,0.0,0.0,0.0,-7.971581192044533,-6.850050631686544,-6.890162825093612,-6.566060149952845,-7.390202844725814,-6.5721993874435505,-7.186807688571424,-7.470190487121826,-6.519482681210246,-6.277546741003353,-5.8067428453038685,-6.95323512570137
2014-06-30,0.0007566713848074657,-7.186581500748007,0.0,0.0,0.0,0.0,-7.283341498590774,-7.971581192044533,-6.850050631686544,-6.890162825093612,-6.566060149952845,-7.390202844725814,-6.5721993874435505,-7.186807688571424,-7.470190487121826,-6.519482681210246,-6.277546741003353,-5.8067428453038685
2014-07-31,0.0004930202383060772,-7.614960333433381,0.0,0.0,0.0,0.0,-7.186581500748007,-7.283341498590774,-7.971581192044533,-6.850050631686544,-6.890162825093612,-6.566060149952845,-7.390202844725814,-6.5721993874435505,-7.186807688571424,-7.470190487121826,-6.519482681210246,-6.277546741003353
2014-08-31,0.0007004069385859544,-7.263849050996916,0.0,0.0,0.0,0.0,-7.614960333433381,-7.186581500748007,-7.283341498590774,-7.971581192044533,-6.850050631686544,-6.890162825093612,-6.566060149952845,-7.390202844725814,-6.5721993874435505,-7.186807688571424,-7.470190487121826,-6.519482681210246
2014-09-30,0.00042994239899445477,-7.751859314076398,0.0,0.0,0.0,0.0,-7.263849050996916,-7.614960333433381,-7.186581500748007,-7.283341498590774,-7.971581192044533,-6.850050631686544,-6.890162825093612,-6.566060149952845,-7.390202844725814,-6.5721993874435505,-7.186807688571424,-7.470190487121826
2014-10-31,0.0014148118395154443,-6.560758732336436,0.0,-0.08473087794050907,-0.08473087794050907,0.0,-7.751859314076398,-7.263849050996916,-7.614960333433381,-7.186581500748007,-7.283341498590774,-7.971581192044533,-6.850050631686544,-6.890162825093612,-6.566060149952845,-7.390202844725814,-6.5721993874435505,-7.186807688571424
2014-11-30,0.0005304883072521506,-7.5417126411481465,0.0,-0.0958082514625842,-0.0958082514625842,0.0,-6.560758732336436,-7.751859314076398,-7.263849050996916,-7.614960333433381,-7.186581500748007,-7.283341498590774,-7.971581192044533,-6.850050631686544,-6.890162825093612,-6.566060149952845,-7.390202844725814,-6.5721993874435505
2014-12-31,0.0011533237772373235,-6.765107264247319,0.0,-0.24245245229024945,-0.24245245229024945,0.0,-7.5417126411481465,-6.560758732336436,-7.751859314076398,-7.263849050996916,-7.614960333433381,-7.186581500748007,-7.283341498590774,-7.971581192044533,-6.850050631686544,-6.890162825093612,-6.566060149952845,-7.390202844725814
2015-01-31,0.0011165685440204238,-6.797495096700643,0.0,-0.26634506577911754,-0.26634506577911754,0.0,-6.765107264247319,-7.5417126411481465,-6.560758732336436,-7.751859314076398,-7.263849050996916,-7.614960333433381,-7.186581500748007,-7.283341498590774,-7.971581192044533,-6.850050631686544,-6.890162825093612,-6.566060149952845
2015-02-28,0.00030801307291056663,-8.085368331376616,0.0,0.0,0.0,0.0,-6.797495096700643,-6.765107264247319,-7.5417126411481465,-6.560758732336436,-7.751859314076398,-7.263849050996916,-7.614960333433381,-7.186581500748007,-7.283341498590774,-7.971581192044533,-6.850050631686544,-6.890162825093612
2015-03-31,0.0009321604945266394,-6.9780055536764385,0.0,0.0,0.0,0.0,-8.085368331376616,-6.797495096700643,-6.765107264247319,-7.5417126411481465,-6.560758732336436,-7.751859314076398,-7.263849050996916,-7.614960333433381,-7.186581500748007,-7.283341498590774,-7.971581192044533,-6.850050631686544
2015-04-30,0.0008135422086995458,-7.114112747341349,0.0,0.0,0.0,0.0,-6.9780055536764385,-8.085368331376616,-6.797495096700643,-6.765107264247319,-7.5417126411481465,-6.560758732336436,-7.751859314076398,-7.263849050996916,-7.614960333433381,-7.186581500748007,-7.283341498590774,-7.971581192044533
2015-05-31,0.0009516568207155709,-6.95730607060395,0.0,0.0,0.0,0.0,-7.114112747341349,-6.9780055536764385,-8.085368331376616,-6.797495096700643,-6.765107264247319,-7.5417126411481465,-6.560758732336436,-7.751859314076398,-7.263849050996916,-7.614960333433381,-7.186581500748007,-7.283341498590774
2015-06-30,0.0008283205028404904,-7.096110397750202,0.0,0.0,0.0,0.0,-6.95730607060395,-7.114112747341349,-6.9780055536764385,-8.085368331376616,-6.797495096700643,-6.765107264247319,-7.5417126411481465,-6.560758732336436,-7.751859314076398,-7.263849050996916,-7.614960333433381,-7.186581500748007
2015-07-31,0.0016307439679039554,-6.41871894626535,0.0,0.0,0.0,0.0,-7.096110397750202,-6.95730607060395,-7.114112747341349,-6.9780055536764385,-8.085368331376616,-6.797495096700643,-6.765107264247319,-7.5417126411481465,-6.560758732336436,-7.751859314076398,-7.263849050996916,-7.614960333433381
2015-08-31,0.002803189708779065,-5.876997328469286,0.0,-0.0264031587972989,-0.0264031587972989,0.0,-6.41871894626535,-7.096110397750202,-6.95730607060395,-7.114112747341349,-6.9780055536764385,-8.085368331376616,-6.797495096700643,-6.765107264247319,-7.5417126411481465,-6.560758732336436,-7.751859314076398,-7.263849050996916
2015-09-30,0.002923939414316887,-5.834823457447134,0.0,0.0,0.0,0.0,-5.876997328469286,-6.41871894626535,-7.096110397750202,-6.95730607060395,-7.114112747341349,-6.9780055536764385,-8.085368331376616,-6.797495096700643,-6.765107264247319,-7.5417126411481465,-6.560758732336436,-7.751859314076398
2015-10-31,0.0006539587467906056,-7.332466286798422,0.0,0.0,0.0,0.0,-5.834823457447134,-5.876997328469286,-6.41871894626535,-7.096110397750202,-6.95730607060395,-7.114112747341349,-6.9780055536764385,-8.085368331376616,-6.797495096700643,-6.765107264247319,-7.5417126411481465,-6.560758732336436
2015-11-30,0.0015196010223892656,-6.48930746384946,0.0,-0.04952137844778605,-0.04952137844778605,0.0,-7.332466286798422,-5.834823457447134,-5.876997328469286,-6.41871894626535,-7.096110397750202,-6.95730607060395,-7.114112747341349,-6.9780055536764385,-8.085368331376616,-6.797495096700643,-6.765107264247319,-7.5417126411481465
2015-12-31,0.0013061821507549937,-6.640646785605932,0.0,-0.1525237726774698,-0.1525237726774698,0.0,-6.48930746384946,-7.332466286798422,-5.834823457447134,-5.876997328469286,-6.41871894626535,-7.096110397750202,-6.95730607060395,-7.114112747341349,-6.9780055536764385,-8.085368331376616,-6.797495096700643,-6.765107264247319
2016-01-31,0.0026698523024572575,-5.925732125531783,0.0,-0.2134833222796946,-0.2134833222796946,0.0,-6.640646785605932,-6.48930746384946,-7.332466286798422,-5.834823457447134,-5.876997328469286,-6.41871894626535,-7.096110397750202,-6.95730607060395,-7.114112747341349,-6.9780055536764385,-8.085368331376616,-6.797495096700643
2016-02-29,0.002089000894334105,-6.171069368291905,0.0,0.0,0.0,0.0,-5.925732125531783,-6.640646785605932,-6.48930746384946,-7.332466286798422,-5.834823457447134,-5.876997328469286,-6.41871894626535,-7.096110397750202,-6.95730607060395,-7.114112747341349,-6.9780055536764385,-8.085368331376616
2016-03-31,0.0005609556901507085,-7.485868639249531,0.0,0.0,0.0,0.0,-6.171069368291905,-5.925732125531783,-6.640646785605932,-6.48930746384946,-7.332466286798422,-5.834823457447134,-5.876997328469286,-6.41871894626535,-7.096110397750202,-6.95730607060395,-7.114112747341349,-6.9780055536764385
2016-04-30,0.0007215951675191447,-7.234046286135257,0.0,0.0,0.0,0.0,-7.485868639249531,-6.171069368291905,-5.925732125531783,-6.640646785605932,-6.48930746384946,-7.332466286798422,-5.834823457447134,-5.876997328469286,-6.41871894626535,-7.096110397750202,-6.95730607060395,-7.114112747341349
2016-05-31,0.0006170552575021932,-7.390551979718602,0.0,0.0,0.0,0.0,-7.234046286135257,-7.485868639249531,-6.171069368291905,-5.925732125531783,-6.640646785605932,-6.48930746384946,-7.332466286798422,-5.834823457447134,-5.876997328469286,-6.41871894626535,-7.096110397750202,-6.95730607060395
2016-06-30,0.002103929731346803,-6.1639483823132455,0.0,0.0,0.0,0.0,-7.390551979718602,-7.234046286135257,-7.485868639249531,-6.171069368291905,-5.925732125531783,-6.640646785605932,-6.48930746384946,-7.332466286798422,-5.834823457447134,-5.876997328469286,-6.41871894626535,-7.096110397750202
2016-07-31,0.0009078250652738147,-7.004458857314257,0.0,0.0,0.0,0.0,-6.1639483823132455,-7.390551979718602,-7.234046286135257,-7.485868639249531,-6.171069368291905,-5.925732125531783,-6.640646785605932,-6.48930746384946,-7.332466286798422,-5.834823457447134,-5.876997328469286,-6.41871894626535
2016-08-31,0.000531734481013139,-7.53936628905238,0.0,0.0,0.0,0.0,-7.004458857314257,-6.1639483823132455,-7.390551979718602,-7.234046286135257,-7.485868639249531,-6.171069368291905,-5.925732125531783,-6.640646785605932,-6.48930746384946,-7.332466286798422,-5.834823457447134,-5.876997328469286
2016-09-30,0.0013071501751868643,-6.63990595026208,0.0,0.0,0.0,0.0,-7.53936628905238,-7.004458857314257,-6.1639483823132455,-7.390551979718602,-7.234046286135257,-7.485868639249531,-6.171069368291905,-5.925732125531783,-6.640646785605932,-6.48930746384946,-7.332466286798422,-5.834823457447134
2016-10-31,0.0006762437259652675,-7.298957005531992,0.0,0.0,0.0,0.0,-6.63990595026208,-7.53936628905238,-7.004458857314257,-6.1639483823132455,-7.390551979718602,-7.234046286135257,-7.485868639249531,-6.171069368291905,-5.925732125531783,-6.640646785605932,-6.48930746384946,-7.332466286798422
2016-11-30,0.001648338648103181,-6.407987378251236,0.0,0.0,0.0,0.0,-7.298957005531992,-6.63990595026208,-7.53936628905238,-7.004458857314257,-6.1639483823132455,-7.390551979718602,-7.234046286135257,-7.485868639249531,-6.171069368291905,-5.925732125531783,-6.640646785605932,-6.48930746384946
2016-12-31,0.0007493596169576576,-7.196291560222842,0.0,0.0,0.0,0.0,-6.407987378251236,-7.298957005531992,-6.63990595026208,-7.53936628905238,-7.004458857314257,-6.1639483823132455,-7.390551979718602,-7.234046286135257,-7.485868639249531,-6.171069368291905,-5.925732125531783,-6.640646785605932
2017-01-31,0.0005555780070956303,-7.495501531928696,0.0,0.0,0.0,0.0,-7.196291560222842,-6.407987378251236,-7.298957005531992,-6.63990595026208,-7.53936628905238,-7.004458857314257,-6.1639483823132455,-7.390551979718602,-7.234046286135257,-7.485868639249531,-6.171069368291905,-5.925732125531783
2017-02-28,0.00029058528395047093,-8.143613448335847,0.0,0.0,0.0,0.0,-7.495501531928696,-7.196291560222842,-6.407987378251236,-7.298957005531992,-6.63990595026208,-7.53936628905238,-7.004458857314257,-6.1639483823132455,-7.390551979718602,-7.234046286135257,-7.485868639249531,-6.171069368291905
2017-03-31,0.000666358674697298,-7.313682481793669,0.0,0.0,0.0,0.0,-8.143613448335847,-7.495501531928696,-7.196291560222842,-6.407987378251236,-7.298957005531992,-6.63990595026208,-7.53936628905238,-7.004458857314257,-6.1639483823132455,-7.390551979718602,-7.234046286135257,-7.485868639249531
2017-04-30,0.0005451993282786204,-7.514359090206814,0.0,0.0,0.0,0.0,-7.313682481793669,-8.143613448335847,-7.495501531928696,-7.196291560222842,-6.407987378251236,-7.298957005531992,-6.63990595026208,-7.53936628905238,-7.004458857314257,-6.1639483823132455,-7.390551979718602,-7.234046286135257
2017-05-31,0.0011500223128967345,-6.767973934276306,0.0,0.0,0.0,0.0,-7.514359090206814,-7.313682481793669,-8.143613448335847,-7.495501531928696,-7.196291560222842,-6.407987378251236,-7.298957005531992,-6.63990595026208,-7.53936628905238,-7.004458857314257,-6.1639483823132455,-7.390551979718602
2017-06-30,0.0005315746196709284,-7.5396669755476085,0.0,0.0,0.0,0.0,-6.767973934276306,-7.514359090206814,-7.313682481793669,-8.143613448335847,-7.495501531928696,-7.196291560222842,-6.407987378251236,-7.298957005531992,-6.63990595026208,-7.53936628905238,-7.004458857314257,-6.1639483823132455
2017-07-31,0.0005563472058213111,-7.494117987712871,0.0,0.0,0.0,0.0,-7.5396669755476085,-6.767973934276306,-7.514359090206814,-7.313682481793669,-8.143613448335847,-7.495501531928696,-7.196291560222842,-6.407987378251236,-7.298957005531992,-6.63990595026208,-7.53936628905238,-7.004458857314257
2017-08-31,0.0009943206025592316,-6.913450865525882,0.0,0.0,0.0,0.0,-7.494117987712871,-7.5396669755476085,-6.767973934276306,-7.514359090206814,-7.313682481793669,-8.143613448335847,-7.495501531928696,-7.196291560222842,-6.407987378251236,-7.298957005531992,-6.63990595026208,-7.53936628905238
2017-09-30,0.0007519900749974669,-7.192787432243197,0.0,0.0,0.0,0.0,-6.913450865525882,-7.494117987712871,-7.5396669755476085,-6.767973934276306,-7.514359090206814,-7.313682481793669,-8.143613448335847,-7.495501531928696,-7.196291560222842,-6.407987378251236,-7.298957005531992,-6.63990595026208
2017-10-31,0.0006227626978006356,-7.3813450141452535,0.0,0.0,0.0,0.0,-7.192787432243197,-6.913450865525882,-7.494117987712871,-7.5396669755476085,-6.767973934276306,-7.514359090206814,-7.313682481793669,-8.143613448335847,-7.495501531928696,-7.196291560222842,-6.407987378251236,-7.298957005531992
2017-11-30,0.0007795987781593516,-7.156731157598193,0.0,0.0,0.0,0.0,-7.3813450141452535,-7.192787432243197,-6.913450865525882,-7.494117987712871,-7.5396669755476085,-6.767973934276306,-7.514359090206814,-7.313682481793669,-8.143613448335847,-7.495501531928696,-7.196291560222842,-6.407987378251236
2017-12-31,0.0010210016245432235,-6.88697114867137,0.00465064707674188,0.0,0.00465064707674188,1.0,-7.156731157598193,-7.3813450141452535,-7.192787432243197,-6.913450865525882,-7.494117987712871,-7.5396669755476085,-6.767973934276306,-7.514359090206814,-7.313682481793669,-8.143613448335847,-7.495501531928696,-7.196291560222842
2018-01-31,0.0009899929672417124,-6.917812718657121,0.07052085325436684,0.0,0.07052085325436684,1.0,-6.88697114867137,-7.156731157598193,-7.3813450141452535,-7.192787432243197,-6.913450865525882,-7.494117987712871,-7.5396669755476085,-6.767973934276306,-7.514359090206814,-7.313682481793669,-8.143613448335847,-7.495501531928696
2018-02-28,0.0024986704349264006,-5.991996514607045,0.0,0.0,0.0,0.0,-6.917812718657121,-6.88697114867137,-7.156731157598193,-7.3813450141452535,-7.192787432243197,-6.913450865525882,-7.494117987712871,-7.5396669755476085,-6.767973934276306,-7.514359090206814,-7.313682481793669,-8.143613448335847
2018-03-31,0.0023931376263335255,-6.035149959660543,0.0,0.0,0.0,0.0,-5.991996514607045,-6.917812718657121,-6.88697114867137,-7.156731157598193,-7.3813450141452535,-7.192787432243197,-6.913450865525882,-7.494117987712871,-7.5396669755476085,-6.767973934276306,-7.514359090206814,-7.313682481793669
2018-04-30,0.0008783759016770681,-7.037435921923829,0.04291148600037532,0.0,0.04291148600037532,1.0,-6.035149959660543,-5.991996514607045,-6.917812718657121,-6.88697114867137,-7.156731157598193,-7.3813450141452535,-7.192787432243197,-6.913450865525882,-7.494117987712871,-7.5396669755476085,-6.767973934276306,-7.514359090206814
2018-05-31,0.000980153906298533,-6.927800951386883,0.06534652837438011,0.0,0.06534652837438011,1.0,-7.037435921923829,-6.035149959660543,-5.991996514607045,-6.917812718657121,-6.88697114867137,-7.156731157598193,-7.3813450141452535,-7.192787432243197,-6.913450865525882,-7.494117987712871,-7.5396669755476085,-6.767973934276306
2018-06-30,0.001489750802925317,-6.509146419370849,0.0,0.0,0.0,0.0,-6.927800951386883,-7.037435921923829,-6.035149959660543,-5.991996514607045,-6.917812718657121,-6.88697114867137,-7.156731157598193,-7.3813450141452535,-7.192787432243197,-6.913450865525882,-7.494117987712871,-7.5396669755476085
2018-07-31,0.0010598020374659432,-6.849673145407042,0.0,0.0,0.0,0.0,-6.509146419370849,-6.927800951386883,-7.037435921923829,-6.035149959660543,-5.991996514607045,-6.917812718657121,-6.88697114867137,-7.156731157598193,-7.3813450141452535,-7.192787432243197,-6.913450865525882,-7.494117987712871
2018-08-31,0.0009873639816484214,-6.920471810778901,0.0,0.0,0.0,0.0,-6.849673145407042,-6.509146419370849,-6.927800951386883,-7.037435921923829,-6.035149959660543,-5.991996514607045,-6.917812718657121,-6.88697114867137,-7.156731157598193,-7.3813450141452535,-7.192787432243197,-6.913450865525882
2018-09-30,0.0006035087283338662,-7.412750054674826,0.024583365948465326,0.0,0.024583365948465326,1.0,-6.920471810778901,-6.849673145407042,-6.509146419370849,-6.927800951386883,-7.037435921923829,-6.035149959660543,-5.991996514607045,-6.917812718657121,-6.88697114867137,-7.156731157598193,-7.3813450141452535,-7.192787432243197
2018-10-31,0.004783693427774248,-5.342542347210307,0.02677913170444737,0.0,0.02677913170444737,1.0,-7.412750054674826,-6.920471810778901,-6.849673145407042,-6.509146419370849,-6.927800951386883,-7.037435921923829,-6.035149959660543,-5.991996514607045,-6.917812718657121,-6.88697114867137,-7.156731157598193,-7.3813450141452535
2018-11-30,0.001991976681854789,-6.218627825784435,0.0,0.0,0.0,0.0,-5.342542347210307,-7.412750054674826,-6.920471810778901,-6.849673145407042,-6.509146419370849,-6.927800951386883,-7.037435921923829,-6.035149959660543,-5.991996514607045,-6.917812718657121,-6.88697114867137,-7.156731157598193
2018-12-31,0.0015435574567177887,-6.473665489760056,0.0,0.0,0.0,0.0,-6.218627825784435,-5.342542347210307,-7.412750054674826,-6.920471810778901,-6.849673145407042,-6.509146419370849,-6.927800951386883,-7.037435921923829,-6.035149959660543,-5.991996514607045,-6.917812718657121,-6.88697114867137
2019-01-31,0.0017897001697075316,-6.325707176116347,0.0,0.0,0.0,0.0,-6.473665489760056,-6.218627825784435,-5.342542347210307,-7.412750054674826,-6.920471810778901,-6.849673145407042,-6.509146419370849,-6.927800951386883,-7.037435921923829,-6.035149959660543,-5.991996514607045,-6.917812718657121
2019-02-28,0.0010027559368047554,-6.9050031328083215,0.0,0.0,0.0,0.0,-6.325707176116347,-6.473665489760056,-6.218627825784435,-5.342542347210307,-7.412750054674826,-6.920471810778901,-6.849673145407042,-6.509146419370849,-6.927800951386883,-7.037435921923829,-6.035149959660543,-5.991996514607045
2019-03-31,0.0009269016149923196,-6.983663130725262,0.0,0.0,0.0,0.0,-6.9050031328083215,-6.325707176116347,-6.473665489760056,-6.218627825784435,-5.342542347210307,-7.412750054674826,-6.920471810778901,-6.849673145407042,-6.509146419370849,-6.927800951386883,-7.037435921923829,-6.035149959660543
2019-04-30,0.0010526045678027304,-6.856487645511232,0.0,0.0,0.0,0.0,-6.983663130725262,-6.9050031328083215,-6.325707176116347,-6.473665489760056,-6.218627825784435,-5.342542347210307,-7.412750054674826,-6.920471810778901,-6.849673145407042,-6.509146419370849,-6.927800951386883,-7.037435921923829
2019-05-31,0.0018200876751306618,-6.308870605905007,0.0,0.0,0.0,0.0,-6.856487645511232,-6.983663130725262,-6.9050031328083215,-6.325707176116347,-6.473665489760056,-6.218627825784435,-5.342542347210307,-7.412750054674826,-6.920471810778901,-6.849673145407042,-6.509146419370849,-6.927800951386883
2019-06-30,0.0006224033916448875,-7.381922135814028,0.0,0.0,0.0,0.0,-6.308870605905007,-6.856487645511232,-6.983663130725262,-6.9050031328083215,-6.325707176116347,-6.473665489760056,-6.218627825784435,-5.342542347210307,-7.412750054674826,-6.920471810778901,-6.849673145407042,-6.509146419370849
2019-07-31,0.0016778586641023004,-6.3902369032674615,0.0,0.0,0.0,0.0,-7.381922135814028,-6.308870605905007,-6.856487645511232,-6.983663130725262,-6.9050031328083215,-6.325707176116347,-6.473665489760056,-6.218627825784435,-5.342542347210307,-7.412750054674826,-6.920471810778901,-6.849673145407042
2019-08-31,0.0021906992961132237,-6.123534472829658,0.0,0.0,0.0,0.0,-6.3902369032674615,-7.381922135814028,-6.308870605905007,-6.856487645511232,-6.983663130725262,-6.9050031328083215,-6.325707176116347,-6.473665489760056,-6.218627825784435,-5.342542347210307,-7.412750054674826,-6.920471810778901
2019-09-30,0.0008286213290853437,-7.095747287540341,0.0,0.0,0.0,0.0,-6.123534472829658,-6.3902369032674615,-7.381922135814028,-6.308870605905007,-6.856487645511232,-6.983663130725262,-6.9050031328083215,-6.325707176116347,-6.473665489760056,-6.218627825784435,-5.342542347210307,-7.412750054674826
2019-10-31,0.0011845703915203123,-6.738375108929546,0.0,0.0,0.0,0.0,-7.095747287540341,-6.123534472829658,-6.3902369032674615,-7.381922135814028,-6.308870605905007,-6.856487645511232,-6.983663130725262,-6.9050031328083215,-6.325707176116347,-6.473665489760056,-6.218627825784435,-5.342542347210307
2019-11-30,0.001381835458157227,-6.5843426213926515,0.0,0.0,0.0,0.0,-6.738375108929546,-7.095747287540341,-6.123534472829658,-6.3902369032674615,-7.381922135814028,-6.308870605905007,-6.856487645511232,-6.983663130725262,-6.9050031328083215,-6.325707176116347,-6.473665489760056,-6.218627825784435
2019-12-31,0.000932687564856589,-6.97744028473527,0.0,0.0,0.0,0.0,-6.5843426213926515,-6.738375108929546,-7.095747287540341,-6.123534472829658,-6.3902369032674615,-7.381922135814028,-6.308870605905007,-6.856487645511232,-6.983663130725262,-6.9050031328083215,-6.325707176116347,-6.473665489760056
2020-01-31,0.002811401815695458,-5.8740720532336175,0.0,0.0,0.0,0.0,-6.97744028473527,-6.5843426213926515,-6.738375108929546,-7.095747287540341,-6.123534472829658,-6.3902369032674615,-7.381922135814028,-6.308870605905007,-6.856487645511232,-6.983663130725262,-6.9050031328083215,-6.325707176116347
2020-02-29,0.005000790684191186,-5.298159242212111,0.0,0.0,0.0,0.0,-5.8740720532336175,-6.97744028473527,-6.5843426213926515,-6.738375108929546,-7.095747287540341,-6.123534472829658,-6.3902369032674615,-7.381922135814028,-6.308870605905007,-6.856487645511232,-6.983663130725262,-6.9050031328083215
2020-03-31,0.037671941888558096,-3.2788397086053007,0.0,-0.37052253393199136,-0.37052253393199136,0.0,-5.298159242212111,-5.8740720532336175,-6.97744028473527,-6.5843426213926515,-6.738375108929546,-7.095747287540341,-6.123534472829658,-6.3902369032674615,-7.381922135814028,-6.308870605905007,-6.856487645511232,-6.983663130725262
2020-04-30,0.006903445994545674,-4.975734572547962,0.0,-0.5549094502470759,-0.5549094502470759,0.0,-3.2788397086053007,-5.298159242212111,-5.8740720532336175,-6.97744028473527,-6.5843426213926515,-6.738375108929546,-7.095747287540341,-6.123534472829658,-6.3902369032674615,-7.381922135814028,-6.308870605905007,-6.856487645511232
2020-05-31,0.002573260414772528,-5.962581540243333,0.0,0.0,0.0,0.0,-4.975734572547962,-3.2788397086053007,-5.298159242212111,-5.8740720532336175,-6.97744028473527,-6.5843426213926515,-6.738375108929546,-7.095747287540341,-6.123534472829658,-6.3902369032674615,-7.381922135814028,-6.308870605905007
2020-06-30,0.00830424460213924,-4.790988497050798,0.0,0.0,0.0,0.0,-5.962581540243333,-4.975734572547962,-3.2788397086053007,-5.298159242212111,-5.8740720532336175,-6.97744028473527,-6.5843426213926515,-6.738375108929546,-7.095747287540341,-6.123534472829658,-6.3902369032674615,-7.381922135814028
2020-07-31,0.0019138953909008318,-6.258614642146757,0.0,0.0,0.0,0.0,-4.790988497050798,-5.962581540243333,-4.975734572547962,-3.2788397086053007,-5.298159242212111,-5.8740720532336175,-6.97744028473527,-6.5843426213926515,-6.738375108929546,-7.095747287540341,-6.123534472829658,-6.3902369032674615
2020-08-31,0.00397687606418427,-5.527258676384164,0.0,0.0,0.0,0.0,-6.258614642146757,-4.790988497050798,-5.962581540243333,-4.975734572547962,-3.2788397086053007,-5.298159242212111,-5.8740720532336175,-6.97744028473527,-6.5843426213926515,-6.738375108929546,-7.095747287540341,-6.123534472829658
2020-09-30,0.0027256436938986627,-5.905050660817532,0.0,0.0,0.0,0.0,-5.527258676384164,-6.258614642146757,-4.790988497050798,-5.962581540243333,-4.975734572547962,-3.2788397086053007,-5.298159242212111,-5.8740720532336175,-6.97744028473527,-6.5843426213926515,-6.738375108929546,-7.095747287540341
2020-10-31,0.0014730727941071713,-6.520404723776914,0.0,0.0,0.0,0.0,-5.905050660817532,-5.527258676384164,-6.258614642146757,-4.790988497050798,-5.962581540243333,-4.975734572547962,-3.2788397086053007,-5.298159242212111,-5.8740720532336175,-6.97744028473527,-6.5843426213926515,-6.738375108929546
2020-11-30,0.002752360227313108,-5.895296470924518,0.0,0.0,0.0,0.0,-6.520404723776914,-5.905050660817532,-5.527258676384164,-6.258614642146757,-4.790988497050798,-5.962581540243333,-4.975734572547962,-3.2788397086053007,-5.298159242212111,-5.8740720532336175,-6.97744028473527,-6.5843426213926515
2020-12-31,0.0025725148774495823,-5.9628713070076484,0.0,0.0,0.0,0.0,-5.895296470924518,-6.520404723776914,-5.905050660817532,-5.527258676384164,-6.258614642146757,-4.790988497050798,-5.962581540243333,-4.975734572547962,-3.2788397086053007,-5.298159242212111,-5.8740720532336175,-6.97744028473527
2021-01-31,0.007122367918904419,-4.944515035968521,0.0,0.0,0.0,0.0,-5.9628713070076484,-5.895296470924518,-6.520404723776914,-5.905050660817532,-5.527258676384164,-6.258614642146757,-4.790988497050798,-5.962581540243333,-4.975734572547962,-3.2788397086053007,-5.298159242212111,-5.8740720532336175
2021-02-28,0.004710953536671485,-5.357864942044459,0.0,0.0,0.0,0.0,-4.944515035968521,-5.9628713070076484,-5.895296470924518,-6.520404723776914,-5.905050660817532,-5.527258676384164,-6.258614642146757,-4.790988497050798,-5.962581540243333,-4.975734572547962,-3.2788397086053007,-5.298159242212111
2021-03-31,0.0017647606509754944,-6.33974020630501,0.0,0.0,0.0,0.0,-5.357864942044459,-4.944515035968521,-5.9628713070076484,-5.895296470924518,-6.520404723776914,-5.905050660817532,-5.527258676384164,-6.258614642146757,-4.790988497050798,-5.962581540243333,-4.975734572547962,-3.2788397086053007
2021-04-30,0.0009004739200432622,-7.0125893554075684,0.0,0.0,0.0,0.0,-6.33974020630501,-5.357864942044459,-4.944515035968521,-5.9628713070076484,-5.895296470924518,-6.520404723776914,-5.905050660817532,-5.527258676384164,-6.258614642146757,-4.790988497050798,-5.962581540243333,-4.975734572547962
2021-05-31,0.001478295816211756,-6.516865330196014,0.0,0.0,0.0,0.0,-7.0125893554075684,-6.33974020630501,-5.357864942044459,-4.944515035968521,-5.9628713070076484,-5.895296470924518,-6.520404723776914,-5.905050660817532,-5.527258676384164,-6.258614642146757,-4.790988497050798,-5.962581540243333
2021-06-30,0.000525186670954395,-7.551756794847794,0.0,0.0,0.0,0.0,-6.516865330196014,-7.0125893554075684,-6.33974020630501,-5.357864942044459,-4.944515035968521,-5.9628713070076484,-5.895296470924518,-6.520404723776914,-5.905050660817532,-5.527258676384164,-6.258614642146757,-4.790988497050798
2021-07-31,0.000992716387389213,-6.915065546607992,0.0,0.0,0.0,0.0,-7.551756794847794,-6.516865330196014,-7.0125893554075684,-6.33974020630501,-5.357864942044459,-4.944515035968521,-5.9628713070076484,-5.895296470924518,-6.520404723776914,-5.905050660817532,-5.527258676384164,-6.258614642146757
2021-08-31,0.0017990337352138004,-6.320505571986226,0.0,0.0,0.0,0.0,-6.915065546607992,-7.551756794847794,-6.516865330196014,-7.0125893554075684,-6.33974020630501,-5.357864942044459,-4.944515035968521,-5.9628713070076484,-5.895296470924518,-6.520404723776914,-5.905050660817532,-5.527258676384164
2021-09-30,0.0009243294586429726,-6.986441992901008,0.0,0.0,0.0,0.0,-6.320505571986226,-6.915065546607992,-7.551756794847794,-6.516865330196014,-7.0125893554075684,-6.33974020630501,-5.357864942044459,-4.944515035968521,-5.9628713070076484,-5.895296470924518,-6.520404723776914,-5.905050660817532
2021-10-31,0.002309955172042603,-6.070527160678898,0.03045647360280433,0.0,0.03045647360280433,1.0,-6.986441992901008,-6.320505571986226,-6.915065546607992,-7.551756794847794,-6.516865330196014,-7.0125893554075684,-6.33974020630501,-5.357864942044459,-4.944515035968521,-5.9628713070076484,-5.895296470924518,-6.520404723776914
2021-11-30,0.0021701950256304975,-6.132938241905714,0.0,0.0,0.0,0.0,-6.070527160678898,-6.986441992901008,-6.320505571986226,-6.915065546607992,-7.551756794847794,-6.516865330196014,-7.0125893554075684,-6.33974020630501,-5.357864942044459,-4.944515035968521,-5.9628713070076484,-5.895296470924518
2021-12-31,0.0015836613206843299,-6.448015821150384,0.0,0.0,0.0,0.0,-6.132938241905714,-6.070527160678898,-6.986441992901008,-6.320505571986226,-6.915065546607992,-7.551756794847794,-6.516865330196014,-7.0125893554075684,-6.33974020630501,-5.357864942044459,-4.944515035968521,-5.9628713070076484
2022-01-31,0.003883841755638097,-5.550930472009711,0.03490220990698918,0.0,0.03490220990698918,1.0,-6.448015821150384,-6.132938241905714,-6.070527160678898,-6.986441992901008,-6.320505571986226,-6.915065546607992,-7.551756794847794,-6.516865330196014,-7.0125893554075684,-6.33974020630501,-5.357864942044459,-4.944515035968521
2022-02-28,0.002518530744251538,-5.984079585486972,0.11583502376225079,0.0,0.11583502376225079,1.0,-5.550930472009711,-6.448015821150384,-6.132938241905714,-6.070527160678898,-6.986441992901008,-6.320505571986226,-6.915065546607992,-7.551756794847794,-6.516865330196014,-7.0125893554075684,-6.33974020630501,-5.357864942044459
2022-03-31,0.002377802874356274,-6.041578379710434,0.1882276247738827,0.0,0.1882276247738827,1.0,-5.984079585486972,-5.550930472009711,-6.448015821150384,-6.132938241905714,-6.070527160678898,-6.986441992901008,-6.320505571986226,-6.915065546607992,-7.551756794847794,-6.516865330196014,-7.0125893554075684,-6.33974020630501
2022-04-30,0.0017299313311776169,-6.359673564221151,0.0,0.0,0.0,0.0,-6.041578379710434,-5.984079585486972,-5.550930472009711,-6.448015821150384,-6.132938241905714,-6.070527160678898,-6.986441992901008,-6.320505571986226,-6.915065546607992,-7.551756794847794,-6.516865330196014,-7.0125893554075684
2022-05-31,0.0022186918925697677,-6.110837494347823,0.0,0.0,0.0,0.0,-6.359673564221151,-6.041578379710434,-5.984079585486972,-5.550930472009711,-6.448015821150384,-6.132938241905714,-6.070527160678898,-6.986441992901008,-6.320505571986226,-6.915065546607992,-7.551756794847794,-6.516865330196014
2022-06-30,0.005098901116480142,-5.2787302298251175,0.0455639925369146,0.0,0.0455639925369146,1.0,-6.110837494347823,-6.359673564221151,-6.041578379710434,-5.984079585486972,-5.550930472009711,-6.448015821150384,-6.132938241905714,-6.070527160678898,-6.986441992901008,-6.320505571986226,-6.915065546607992,-7.551756794847794
2022-07-31,0.002139700098972451,-6.147089600436077,0.0,0.0,0.0,0.0,-5.2787302298251175,-6.110837494347823,-6.359673564221151,-6.041578379710434,-5.984079585486972,-5.550930472009711,-6.448015821150384,-6.132938241905714,-6.070527160678898,-6.986441992901008,-6.320505571986226,-6.915065546607992
2022-08-31,0.0017779969118414379,-6.332267878764015,0.0,0.0,0.0,0.0,-6.147089600436077,-5.2787302298251175,-6.110837494347823,-6.359673564221151,-6.041578379710434,-5.984079585486972,-5.550930472009711,-6.448015821150384,-6.132938241905714,-6.070527160678898,-6.986441992901008,-6.320505571986226
2022-09-30,0.004032721147477456,-5.513313908184706,0.0,0.0,0.0,0.0,-6.332267878764015,-6.147089600436077,-5.2787302298251175,-6.110837494347823,-6.359673564221151,-6.041578379710434,-5.984079585486972,-5.550930472009711,-6.448015821150384,-6.132938241905714,-6.070527160678898,-6.986441992901008
2022-10-31,0.0028873597231847043,-5.84741278502956,0.0,0.0,0.0,0.0,-5.513313908184706,-6.332267878764015,-6.147089600436077,-5.2787302298251175,-6.110837494347823,-6.359673564221151,-6.041578379710434,-5.984079585486972,-5.550930472009711,-6.448015821150384,-6.132938241905714,-6.070527160678898
2022-11-30,0.0029137638918870852,-5.838309599925258,0.0,0.0,0.0,0.0,-5.84741278502956,-5.513313908184706,-6.332267878764015,-6.147089600436077,-5.2787302298251175,-6.110837494347823,-6.359673564221151,-6.041578379710434,-5.984079585486972,-5.550930472009711,-6.448015821150384,-6.132938241905714
2022-12-31,0.002541925774651184,-5.974833306227665,0.0,0.0,0.0,0.0,-5.838309599925258,-5.84741278502956,-5.513313908184706,-6.332267878764015,-6.147089600436077,-5.2787302298251175,-6.110837494347823,-6.359673564221151,-6.041578379710434,-5.984079585486972,-5.550930472009711,-6.448015821150384
2023-01-31,0.002202649754219494,-6.118094209630163,0.0,0.0,0.0,0.0,-5.974833306227665,-5.838309599925258,-5.84741278502956,-5.513313908184706,-6.332267878764015,-6.147089600436077,-5.2787302298251175,-6.110837494347823,-6.359673564221151,-6.041578379710434,-5.984079585486972,-5.550930472009711
2023-02-28,0.0019913317087658484,-6.218951663675619,0.0,0.0,0.0,0.0,-6.118094209630163,-5.974833306227665,-5.838309599925258,-5.84741278502956,-5.513313908184706,-6.332267878764015,-6.147089600436077,-5.2787302298251175,-6.110837494347823,-6.359673564221151,-6.041578379710434,-5.984079585486972
2023-03-31,0.0019022978833691713,-6.264692711260108,0.0,0.0,0.0,0.0,-6.218951663675619,-6.118094209630163,-5.974833306227665,-5.838309599925258,-5.84741278502956,-5.513313908184706,-6.332267878764015,-6.147089600436077,-5.2787302298251175,-6.110837494347823,-6.359673564221151,-6.041578379710434
2023-04-30,0.0010974277693404553,-6.814786228993569,0.0,0.0,0.0,0.0,-6.264692711260108,-6.218951663675619,-6.118094209630163,-5.974833306227665,-5.838309599925258,-5.84741278502956,-5.513313908184706,-6.332267878764015,-6.147089600436077,-5.2787302298251175,-6.110837494347823,-6.359673564221151
2023-05-31,0.0006687759628592666,-7.310061437540522,0.0,0.0,0.0,0.0,-6.814786228993569,-6.264692711260108,-6.218951663675619,-6.118094209630163,-5.974833306227665,-5.838309599925258,-5.84741278502956,-5.513313908184706,-6.332267878764015,-6.147089600436077,-5.2787302298251175,-6.110837494347823
2023-06-30,0.0008182412878012644,-7.108353291995287,0.0,0.0,0.0,0.0,-7.310061437540522,-6.814786228993569,-6.264692711260108,-6.218951663675619,-6.118094209630163,-5.974833306227665,-5.838309599925258,-5.84741278502956,-5.513313908184706,-6.332267878764015,-6.147089600436077,-5.2787302298251175
2023-07-31,0.0015241561313828406,-6.486314378551225,0.0,0.0,0.0,0.0,-7.108353291995287,-7.310061437540522,-6.814786228993569,-6.264692711260108,-6.218951663675619,-6.118094209630163,-5.974833306227665,-5.838309599925258,-5.84741278502956,-5.513313908184706,-6.332267878764015,-6.147089600436077
2023-08-31,0.0015809323324556394,-6.449740522141584,0.0,0.0,0.0,0.0,-6.486314378551225,-7.108353291995287,-7.310061437540522,-6.814786228993569,-6.264692711260108,-6.218951663675619,-6.118094209630163,-5.974833306227665,-5.838309599925258,-5.84741278502956,-5.513313908184706,-6.332267878764015
2023-09-30,0.0012451807456036832,-6.688474582410941,0.0,0.0,0.0,0.0,-6.449740522141584,-6.486314378551225,-7.108353291995287,-7.310061437540522,-6.814786228993569,-6.264692711260108,-6.218951663675619,-6.118094209630163,-5.974833306227665,-5.838309599925258,-5.84741278502956,-5.513313908184706
2023-10-31,0.003275638905774741,-5.721242343188924,0.0,0.0,0.0,0.0,-6.688474582410941,-6.449740522141584,-6.486314378551225,-7.108353291995287,-7.310061437540522,-6.814786228993569,-6.264692711260108,-6.218951663675619,-6.118094209630163,-5.974833306227665,-5.838309599925258,-5.84741278502956
2023-11-30,0.0052868171435671305,-5.242538888374385,0.0,0.0,0.0,0.0,-5.721242343188924,-6.688474582410941,-6.449740522141584,-6.486314378551225,-7.108353291995287,-7.310061437540522,-6.814786228993569,-6.264692711260108,-6.218951663675619,-6.118094209630163,-5.974833306227665,-5.838309599925258
2023-12-31,0.001303133351833354,-6.642983643916895,0.0,0.0,0.0,0.0,-5.242538888374385,-5.721242343188924,-6.688474582410941,-6.449740522141584,-6.486314378551225,-7.108353291995287,-7.310061437540522,-6.814786228993569,-6.264692711260108,-6.218951663675619,-6.118094209630163,-5.974833306227665
2024-01-31,0.0018622345871339248,-6.28597812141741,0.0,0.0,0.0,0.0,-6.642983643916895,-5.242538888374385,-5.721242343188924,-6.688474582410941,-6.449740522141584,-6.486314378551225,-7.108353291995287,-7.310061437540522,-6.814786228993569,-6.264692711260108,-6.218951663675619,-6.118094209630163
2024-02-29,0.002336655956182532,-6.059034450273654,0.0,0.0,0.0,0.0,-6.28597812141741,-6.642983643916895,-5.242538888374385,-5.721242343188924,-6.688474582410941,-6.449740522141584,-6.486314378551225,-7.108353291995287,-7.310061437540522,-6.814786228993569,-6.264692711260108,-6.218951663675619
2024-03-31,0.0019851508918092594,-6.222060351707239,0.0,0.0,0.0,0.0,-6.059034450273654,-6.28597812141741,-6.642983643916895,-5.242538888374385,-5.721242343188924,-6.688474582410941,-6.449740522141584,-6.486314378551225,-7.108353291995287,-7.310061437540522,-6.814786228993569,-6.264692711260108
2024-04-30,0.00313141066809025,-5.766271683280925,0.0,0.0,0.0,0.0,-6.222060351707239,-6.059034450273654,-6.28597812141741,-6.642983643916895,-5.242538888374385,-5.721242343188924,-6.688474582410941,-6.449740522141584,-6.486314378551225,-7.108353291995287,-7.310061437540522,-6.814786228993569
2024-05-31,0.0017910952280948086,-6.324927986968195,0.0,0.0,0.0,0.0,-5.766271683280925,-6.222060351707239,-6.059034450273654,-6.28597812141741,-6.642983643916895,-5.242538888374385,-5.721242343188924,-6.688474582410941,-6.449740522141584,-6.486314378551225,-7.108353291995287,-7.310061437540522
2024-06-30,0.0012863907360794126,-6.655914860996307,0.0,0.0,0.0,0.0,-6.324927986968195,-5.766271683280925,-6.222060351707239,-6.059034450273654,-6.28597812141741,-6.642983643916895,-5.242538888374385,-5.721242343188924,-6.688474582410941,-6.449740522141584,-6.486314378551225,-7.108353291995287
2024-07-31,0.0017695366686127521,-6.33703753580926,0.0,0.0,0.0,0.0,-6.655914860996307,-6.324927986968195,-5.766271683280925,-6.222060351707239,-6.059034450273654,-6.28597812141741,-6.642983643916895,-5.242538888374385,-5.721242343188924,-6.688474582410941,-6.449740522141584,-6.486314378551225
2024-08-31,0.01226256530893146,-4.401204128198093,0.0,0.0,0.0,0.0,-6.33703753580926,-6.655914860996307,-6.324927986968195,-5.766271683280925,-6.222060351707239,-6.059034450273654,-6.28597812141741,-6.642983643916895,-5.242538888374385,-5.721242343188924,-6.688474582410941,-6.449740522141584
2024-09-30,0.0035034015337317924,-5.654020915663015,0.0,-0.002075882915050928,-0.002075882915050928,0.0,-4.401204128198093,-6.33703753580926,-6.655914860996307,-6.324927986968195,-5.766271683280925,-6.222060351707239,-6.059034450273654,-6.28597812141741,-6.642983643916895,-5.242538888374385,-5.721242343188924,-6.688474582410941
2024-10-31,0.00147805928383671,-6.517025346410268,0.0,0.0,0.0,0.0,-5.654020915663015,-4.401204128198093,-6.33703753580926,-6.655914860996307,-6.324927986968195,-5.766271683280925,-6.222060351707239,-6.059034450273654,-6.28597812141741,-6.642983643916895,-5.242538888374385,-5.721242343188924
2024-11-30,0.0028260484981748194,-5.868875833446385,0.0,0.0,0.0,0.0,-6.517025346410268,-5.654020915663015,-4.401204128198093,-6.33703753580926,-6.655914860996307,-6.324927986968195,-5.766271683280925,-6.222060351707239,-6.059034450273654,-6.28597812141741,-6.642983643916895,-5.242538888374385
2024-12-31,0.00365718184770105,-5.611062415128011,0.0,-0.0021256532325381852,-0.0021256532325381852,0.0,-5.868875833446385,-6.517025346410268,-5.654020915663015,-4.401204128198093,-6.33703753580926,-6.655914860996307,-6.324927986968195,-5.766271683280925,-6.222060351707239,-6.059034450273654,-6.28597812141741,-6.642983643916895
2025-01-31,0.0015069950263358832,-6.497637659717556,0.0,0.0,0.0,0.0,-5.611062415128011,-5.868875833446385,-6.517025346410268,-5.654020915663015,-4.401204128198093,-6.33703753580926,-6.655914860996307,-6.324927986968195,-5.766271683280925,-6.222060351707239,-6.059034450273654,-6.28597812141741
2025-02-28,0.0030384013149290456,-5.796423785136123,0.0,0.0,0.0,0.0,-6.497637659717556,-5.611062415128011,-5.868875833446385,-6.517025346410268,-5.654020915663015,-4.401204128198093,-6.33703753580926,-6.655914860996307,-6.324927986968195,-5.766271683280925,-6.222060351707239,-6.059034450273654
2025-03-31,0.0026080992169334257,-5.949133592338665,0.0,-0.015371402201493018,-0.015371402201493018,0.0,-5.796423785136123,-6.497637659717556,-5.611062415128011,-5.868875833446385,-6.517025346410268,-5.654020915663015,-4.401204128198093,-6.33703753580926,-6.655914860996307,-6.324927986968195,-5.766271683280925,-6.222060351707239
2025-04-30,0.008953155984163554,-4.71574918492369,0.0,-0.06530954483346123,-0.06530954483346123,0.0,-5.949133592338665,-5.796423785136123,-6.497637659717556,-5.611062415128011,-5.868875833446385,-6.517025346410268,-5.654020915663015,-4.401204128198093,-6.33703753580926,-6.655914860996307,-6.324927986968195,-5.766271683280925
2025-05-31,0.001676196142116684,-6.391228253867155,0.0,-0.05554741678921963,-0.05554741678921963,0.0,-4.71574918492369,-5.949133592338665,-5.796423785136123,-6.497637659717556,-5.611062415128011,-5.868875833446385,-6.517025346410268,-5.654020915663015,-4.401204128198093,-6.33703753580926,-6.655914860996307,-6.324927986968195
2025-06-30,0.0030459656704956797,-5.79393729492866,0.0,0.0,0.0,0.0,-6.391228253867155,-4.71574918492369,-5.949133592338665,-5.796423785136123,-6.497637659717556,-5.611062415128011,-5.868875833446385,-6.517025346410268,-5.654020915663015,-4.401204128198093,-6.33703753580926,-6.655914860996307
2025-07-31,0.0017854427844522982,-6.328088835995268,0.0,0.0,0.0,0.0,-5.79393729492866,-6.391228253867155,-4.71574918492369,-5.949133592338665,-5.796423785136123,-6.497637659717556,-5.611062415128011,-5.868875833446385,-6.517025346410268,-5.654020915663015,-4.401204128198093,-6.33703753580926
2025-08-31,0.00287072814994581,-5.853189570607233,0.0,0.0,0.0,0.0,-6.328088835995268,-5.79393729492866,-6.391228253867155,-4.71574918492369,-5.949133592338665,-5.796423785136123,-6.497637659717556,-5.611062415128011,-5.868875833446385,-6.517025346410268,-5.654020915663015,-4.401204128198093
2025-09-30,0.0024512538460359475,-6.011155611444874,0.0,0.0,0.0,0.0,-5.853189570607233,-6.328088835995268,-5.79393729492866,-6.391228253867155,-4.71574918492369,-5.949133592338665,-5.796423785136123,-6.497637659717556,-5.611062415128011,-5.868875833446385,-6.517025346410268,-5.654020915663015
2025-10-31,0.004781478456885503,-5.3430054796986814,0.0,0.0,0.0,0.0,-6.011155611444874,-5.853189570607233,-6.328088835995268,-5.79393729492866,-6.391228253867155,-4.71574918492369,-5.949133592338665,-5.796423785136123,-6.497637659717556,-5.611062415128011,-5.868875833446385,-6.517025346410268
2025-11-30,0.0095036879435116,-4.656075351127376,0.0,-0.01023010871168522,-0.01023010871168522,0.0,-5.3430054796986814,-6.011155611444874,-5.853189570607233,-6.328088835995268,-5.79393729492866,-6.391228253867155,-4.71574918492369,-5.949133592338665,-5.796423785136123,-6.497637659717556,-5.611062415128011,-5.868875833446385
2025-12-31,0.0034789262282357864,-5.6610315879133335,0.0,-0.01983129004888966,-0.01983129004888966,0.0,-4.656075351127376,-5.3430054796986814,-6.011155611444874,-5.853189570607233,-6.328088835995268,-5.79393729492866,-6.391228253867155,-4.71574918492369,-5.949133592338665,-5.796423785136123,-6.497637659717556,-5.611062415128011
2026-01-31,0.004116727343250003,-5.49269676543387,0.0,0.0,0.0,0.0,-5.6610315879133335,-4.656075351127376,-5.3430054796986814,-6.011155611444874,-5.853189570607233,-6.328088835995268,-5.79393729492866,-6.391228253867155,-4.71574918492369,-5.949133592338665,-5.796423785136123,-6.497637659717556
2026-02-28,0.015663189686739687,-4.156441925460336,0.0,0.0,0.0,0.0,-5.49269676543387,-5.6610315879133335,-4.656075351127376,-5.3430054796986814,-6.011155611444874,-5.853189570607233,-6.328088835995268,-5.79393729492866,-6.391228253867155,-4.71574918492369,-5.949133592338665,-5.796423785136123
2026-03-31,0.05058853662131039,-2.984030277340776,0.09569738408284323,0.0,0.09569738408284323,1.0,-4.156441925460336,-5.49269676543387,-5.6610315879133335,-4.656075351127376,-5.3430054796986814,-6.011155611444874,-5.853189570607233,-6.328088835995268,-5.79393729492866,-6.391228253867155,-4.71574918492369,-5.949133592338665
